,caption
0,"During this month's Esplanade cleanup on February 18th, we had 31 awesome volunteers. 

We had a very successful day collecting a total of over 180 pounds of garbage and 30 pounds of recycling. Someone even found an abandoned shopping cart! We also got 1,063 cigarette butts, 227 of which were from our cigarette butt container. 

Thanks so much to everyone who came out and helped clean up. We canâ€™t wait to see you next month!
.
.
.
.
#trashpicking #saveouroceans #keeptheseaplasticfree #bayareabeaches #cleantown #helpourbeach #saynotoplastic #oceanconservation #cleanupcommunity #sanmateocounty #cleanearth #marinelitter #beachcleaning #keepourbeachesclean #beachtrash #littercleanup #oceanpollution #oceancleanup #oceanplastic #plasticpollutes #plasticocean #beachcleanup #breakfreefromplastic #loveearth #marineconservation #pacifica #plasticpollution #savetheocean"
1,"Boyan Slat, the 28-year-old Dutch entrepreneur and founder of non-profit environmental organization The Ocean Cleanup, has been working on ways to filter plastic waste out of the Pacific Ocean for nearly 10 years . According to BBC News , he said the journey had been harder than he ever imagined it would be.

The Scale of the Problem 
The Ocean Cleanup uses a long , u-shaped barrier, similar to a net, that is pulled through patches of rubbish by boats. It moves slowly to avoid harming marine life. The system has so far cleaned up almost 200,000 kilograms (440,000 lbs) of ocean plastic.

The Ocean Cleanup's Filtering Process 
Research conducted by the company in 2021 suggests that about 1,000 of the world 's rivers are the source of 80% of the global ocean plastic pollution. To stop the plastic in rivers, The Ocean Cleanup uses its &quot;Interceptor&quot; solutions, and aims to scale this to all 1,000 heaviest polluting rivers in the world. The tech behind these varies according to factors such as width, depth, flow speed , and debris type of the river in question, assessed using AI -powered cameras.

Scaling Up Operations 
Boyan said the fast-flowing nature of rivers can make stopping plastic even more difficult. &quot;In rivers, you really only have one shot at catching the plasticâ€”it just flows by and if you don't catch it, it's guaranteed to enter the ocean,&quot; he said. He added that the rivers are really the arteries that carry trash from land to sea, so when it rains, plastic washes from streets into creeks, into rivers, and then ultimately to the ocean.

Intercepting Plastic in Rivers 
According to Boyan, &quot;The planet is pretty big, it turns out,&quot; adding that there are about 1,000 rivers that need to be tackled and five ocean garbage patches. The fâ€¦

Read more: https://dailytechnews.io/post/165/

#environment #ocean #boyanslat #oceancleanup #thescaleoftheproblem #theoceanscleanupfilteringprocess #scalingupoperations #interceptingplasticinrivers #oceanplasticpollution #interceptorsolutions #aipoweredcameras #riverstosea #plasticwasteinpacific"
2,"Beach Clean Up No. 55
Kolaborasi Trash Hero Kuantan & Uniten Nature Club
Lokasi: Pantai Batu Hitam
Tarikh: 25.2.2023 

Jenis sampah yang dikutip: 
â€¢ Bekas makanan plastik sekali guna, botolÂ² plastik & straw plastik sekali guna, pembalut makanan/food wrappers
â€¢ Tin minuman, botolÂ² gelas
â€¢ Kotak rokok dan puntung rokok
â€¢ Polisterin 
â€¢ Pelitup muka sekali pakai
â€¢ Lampin pakai buang bayi 

25 beg/guni sampah berjaya dikutip
Berat sampah yang dikutip: 129.36 kg 

Bilangan wira: 48
â€¢ 4 kanak-kanak
â€¢ 44 dewasa 

Terima kasih kepada sponsorÂ²: 
â€¢ Kak Jue Ahmad utk guniÂ² sampah yang masih digunasemula oleh kami 
â€¢ @majlisbandarayakuantan & @alamflorasdnbhd untuk tong roro di lokasi - terima kasih AbangÂ² Alam Flora kerana tunggu lama untuk kami selesai menimbang sampah ğŸ™ğŸ’› 

36 mahasiswa/mahasiswi dan 2 pensyarah dari Uniten Nature Club, Muadzam, telah datang dari jauh untuk berkolaborasi bersama Trash Hero Kuantan pada hari ini. Terima kasih kerana sudi sertai beach clean up di Kuantan dan juga kerana menderma 'trash pickers' & 'goody bag' dengan tupperware yang boleh digunasemula ğŸ˜ğŸ™ğŸ’› 

Ibu bapa & anakÂ² dari Sekolah Chung Ching juga telah turut serta hari ini. Dan volunteer baru, Pn. Nik dari Batu Hitam hadir awal bersama anakÂ² saudara. Gembira bila ada volunteer baru ğŸ™ŒğŸ˜ 

Banyak sampah berjaya dikutip kerana ramai sukarelawan yang hadir. Kebanyakkan bekas makanan/minuman plastik dikutip berdekatan geraiÂ² (jelas dibuang merataÂ² oleh pengunjung). Ada juga sampah yang hanyut dibawa air pasang yg terselit di kawasan semak dan bawah kawasan pembinaan baru. 

Memang rasa puas hati apabila lebih dari 100 kg sampah berjaya dikutip hari ini. Selepas sampah dikutip, volunteer telah samaÂ² menimbang setiap beg sampah untuk mendapatkan data yang akan dihantar ke pihak Trash Hero World untuk rekod. 

Jika anda ingin melakukan perubahan, jom sertai sesi gotong-royong kami yang akan datang. Untuk butirÂ² lanjut berkenaan masa/lokasi, sila pantau FB dan IG kami.

Terima kasih ğŸ™ğŸ’› 

#beachcleanup #oceancleanup #trashhero #stoplittering #environment #awareness #responsibledisposal #reduceplastic #nosingleuseplastic #stopplasticpollution #trashhero #volunteers #kuantan"
3,"Foster Cityâ€™s Site Captains held a great cleanup last weekend! 

Thank you to our Junior Site Captains: Anya, Stuti, and Lipika, you were all super helpful! Thank you Naturalist Nat, and Gail for helping with Junior Site Captains!

Overall the 32 volunteers picked up 34 lbs of trash, 10 lbs of recycling, and ~3000 cigarette butts collected (almost filled a two-gallon bucket)! 

Continuing from previous cleanups lots of cigarette butts were collected, as well as vaporizers, but a car fender was definitely unique this time! 

Next month's cleanup in Foster City will be at the Marina Plaza Shopping Center on Sunday, March 19th. Address: 2920 S Norfolk St, San Mateo, CA 94403. Please register online, it saves time and paper! 
.
.
.
.
#trashpicking #saveouroceans #keeptheseaplasticfree #bayareabeaches #cleantown #helpourbeach #saynotoplastic #oceanconservation #cleanupcommunity #sanmateocounty #cleanearth #marinelitter #beachcleaning #keepourbeachesclean #beachtrash #littercleanup #oceanpollution #oceancleanup #oceanplastic #plasticpollutes #plasticocean #beachcleanup #breakfreefromplastic #loveearth #marineconservation #pacifica #plasticpollution #savetheocean"
4,"Certain cleanups inspire us to work even harder for our mission of a #DebrisFreeSea.

This week, our ODA Oahu crew made it to Spitting Cave, a popular cliffside recreational fishing site where many lines and hooks are lost to the waters below.

The end of the day yielded 50 pounds of weight and a couple of hundred yards of fishing line. Thank you to Island Divers Hawaii and our wonderful ODA volunteers for making our oceans cleaner than before!

Our article, 'ODA Ocean Cleaning Crew Inspired to Defend Whales, Mantas, and All Wildlife' is out now! Link in bio.

Written by: Marjorie Zensen - Oahu Volunteer Coordinator & ODA Advisory Board Member

#oceandefenders #hawaii #oahu #spittingcaves #scubadive #dive #ghostgear #oceancleanup #beachcleanup #saveouroceans #oceanlove"
5,"Epic day cleaning up the Burnett River banks with @oceancrusaders ğŸŒŠ. 

These guys do epic trash cleaning missions and Iâ€™m so glad we connected through @khakiandocean and I was able to join them today.

About 250kgs of human trash - bottles, bags, chip packets, shoes, fishing gear and polystyrene.

Crazy to see how much there was, especially after already cleaning some of these sections already.

Keep up the great work !!

#oceancleanup #beachclean #bundaberg #visitbundaberg #bundabergregion #cleanupaustraliaday #oceancrusaders #burnettriver #conservation"
6,"The Ocean Clean Up @theoceancleanup are working to remove plastic from the worldâ€™s oceans and has so far removed over a whopping 100,000kg of rubbish from the Great Pacific Garbage Patch! Inspired by the cause and their efforts, Airbnbs @airbnb owner Joe Gebbia donated $25 million in support. 

If you hadnâ€™t heard, thereâ€™s a massive â€œislandâ€ of plastic the size of Texas floating in the Pacific Ocean and The Ocean Clean Up is dedicated to its removal. Not all heroes wear capes ğŸ¦¸â€â™‚ï¸ğŸ’šğŸŒ

#oceancleanup #corporateresponsibility #plasticisnotfantastic #plasticisland #greatpacificgarbagepatch #plasticfreeoceans #plasticfreeforthesea"
7,"Today's #FeelGoodFriday takes us to the  Great Pacific Garbage Patch or GPGP (located between Hawaiâ€™i and California) where a big development has been made in a non-profit's effort to clean up our oceans.

Last year we discussed Ocean Cleanup and how their ocean cleaning system, System 002, has already removed close to 440,000 pounds of plastic from the GPGP that otherwise would have remained trapped for decades or more.  Recently, the co-founder of Airbnb has just donated $25 million to support this Dutch nonprofit as they prepare to assemble and deploy the largest plastic capture system ever developed for use in the ocean - System 03. This new system cleans ten times faster than the previous system and could clean all the plastic patches of the worldâ€™s oceans with about 10-50 systems!  2023 is shaping up to be a great year in the fight against plastic pollution!

 #plastic #fightagainstplastic #ocean #cleanocean #OceanCleanup #GPGP #cleanseas #FeelGoodFriday #FeelGood #madisonavenuesigns"
8,"We wanted to share with you some happy eco news! We know the news can be overwhelming with lots of terrible things happening, so we wanted to take a moment to celebrate something positive and feel-good.

The Ocean Cleanup is doing amazing work removing plastic pollution from the ocean. Last summer System 002 alone completed 61 extractions of a total of 194,092kg of plastic out of the ocean, and is now on a well-deserved winter break until March 2023 for maintenance.

At PurePods we believe every bit of plastic waste counts, which is why our PurePods water filters use 60% less plastic than competitors, and our cartridge is reusable! 

#GreatTasteLessWaste #PurePods #waterfilters #GreatOceanCleanup #oceanplastic #oceancleanup #saveouroceans #sustainability #filteredwater #chooserefillable #saynotosingleuse #water #drink #waterjug #tapwater #waterfilter #bettertaste #brita #britafilter #plastic #plasticwaste #eco #sustainability #microfiltration #filter"
9,"Thank you to the 96 volunteers, who cleaned the beach, streets, parking areas, pier, and even some of the golf course last Saturday at Sharp Park, Pacifica, CA! Woot woot! 

Huge thanks to the students from Saint Francis High School who joined fellow volunteers to remove 1085 Cigarette Filter (350 from the Pier), 227 pounds of trash including three battered, beat-up tires that washed up on the beach, and 125 recyclable materials.

A bucket of plastic film pieces was recovered from the beach. Enough plastic netting was picked out of the sand in the picnic area to fill a 5-gallon bucket.  It was clearly residue left behind from sod that was installed years and years ago and now uncovered from the strong waves of the past storms.

Volunteers from St. Francis High School included club members from BRIC Brothers, BRIC Sisters, the ocean club, and the environmental club. Big thanks to Tiffany (wearing the yellow jacket in the first photo) who catalyzed these students to join us, it's a perfect example of how one person can create a huge difference!
.
.
.
.
#trashpicking #saveouroceans #keeptheseaplasticfree #bayareabeaches #cleantown #helpourbeach #saynotoplastic #oceanconservation #cleanupcommunity #sanmateocounty #cleanearth #marinelitter #beachcleaning #keepourbeachesclean #beachtrash #littercleanup #oceanpollution #oceancleanup #oceanplastic #plasticpollutes #plasticocean #beachcleanup #breakfreefromplastic #loveearth #marineconservation #pacifica #plasticpollution #savetheocean"
10,"Take 3 pieces of rubbish with you when you leave the beach, waterway orâ€¦anywhere and you have made a difference. 

@take3forthesea Take 3 achieved a HUGE amount during 2021-2022 
ğŸ‘‰ 303kg of rubbish kept out of the ocean
ğŸ‘‰ 23,455 pieces of rubbish kept out of the ocean
ğŸ‘‰ 190602 students educated online and in person 

#mondaymotivation  #Take3fortheSea #makeadifference #oceancleanup"
11,"cheers to these amazing volunteers coming out for a beach cleanup in mid february. we grabbed just about 60lbs of trash in one hour and enough styrofoam to build a new apartment building. our weekly beach cleanups start up again early march. we will be back in action before you know itğŸ¤™ğŸ¼

__________________
want to volunteer at our events? signup on our website - www.lbcleanup.com
.
.
.
#lbcleanup #longbeachny #citybythesea  #volunteer #makeadifference #lbny #cleanup #longbeach #longislandlife #11561 #lbny11561 #nassaucounty #pointlookoutny #coastalcleanup #oceanconservation #beachvibes #longislandny #longisland #lbnynotcalifornia #sunsets #longbeachnynotcalifornia #oceancleanup #oceanlovers #beachcleanup #atlanticbeachny #discoverlongisland #longislandbeaches"
12,"Beach Clean Up No. 54
Kolaborasi Trash Hero Kuantan, Pusat Jagaan Chahaya (PJC) & Madrasah Al Quran Qurratul Ain Lilbanat-Maqqal
Lokasi: Pantai Pelindung
Tarikh: 12.2.2023 

Jenis sampah yang dikutip: 
â€¢ Kebanyakkan sampah piknik yang ditinggalkan pengunjung 
â€¢ Bekas makanan plastik sekali guna, botolÂ² plastik & straw plastik sekali guna
â€¢ Tin minuman, botolÂ² gelas
â€¢ Kotak rokok dan puntung rokok
â€¢ Polisterin 
â€¢ Pelitup muka sekali pakai
â€¢ Lampin pakai buang bayi
â€¢ TaliÂ² kecil yang kelihatan seperti dari sisa jala nelayan 

20 beg/guni sampah berjaya dikutip
Berat sampah yang dikutip: Anggaran 90 kg 

Bilangan wira: 54
â€¢ 18 kanak-kanak
â€¢ 24 remaja
â€¢ 12 dewasa 

Terima kasih kepada sponsorÂ² :
â€¢ Kak Jue Ahmad untuk guniÂ² sampah 
â€¢ Kenn Yeo & Chelsina Kong untuk tangki air portable - dapatlah semua cuci tangan sebelum piknik tadi
â€¢ Majlis Bandaraya Kuantan & Alam Flora untuk tong roro di lokasi 

Kolaborasi Trash Hero Kuantan bersama pihak PJC dan Madrasah cukup meriah pada pagi ini. AdikÂ² sukarelawan tetap teguh teruskan pembersihan pantai walaupun hari ni matahari dah keluar awal dan memang panasss â˜€ï¸ğŸ–

Terima kasih kepada En. Hasanin & En. Azrul dari PJC dan Kak Su dari Madrasah (serta team masingÂ²) yang sudi hadir bersama-sama memupuk kesedaran berkenaan isu pencemaran sampah dan plastik di Kuantan. Ada juga volunteer baru yang hadir, En. Azizul bersama keluarga. VolunteerÂ² lama Trash Hero dari Kempadang dan IM pun hadir siap bawa peralatan sendiri.Â  ğŸ’›ğŸ™Œ Terbaik semua! 

Dengan teamwork, memang cepat boleh bersihkan pantai. Sesiapa pun boleh pastikan pantai kekal bersih dan cantik. Kalau datang berkelah, bawalah pulang sampah tu. Dan kalau nampak sampah di pantai, tolonglah kutip. Kalau nampak orang buang sampah merata-rata, tegur baikÂ². Semua orang mampu berubah. Kurangkan penggunaan plastik sekali pakai. Jagalah alam sekitar kita semua. 

Jika anda ingin turut serta dalam sesi gotong-royong kami yang akan datang, sila pantau FB dan IG Trash Hero Kuantan untuk butirÂ² lanjut. 

[Sambung di ruang komen]"
13,"#GalaxyGirls in the Community | Clean Up Manly Cove ğŸŒŠ  with @pittwater.eco.adventures 

As a National Finalist for @australia_galaxy_pageants I had so much fun continuing my volunteer work to clean up our beaches with this local Northern Beaches organisation. 

So many people coming together to pick up microplastics from the shore, count and survey them. Microplastics are tiny plastic particles (a breakdown of larger plastics) that we and creatures end up ingesting which can be harmful. Today, the crew collected 3kgs of microplastics. 

Pittwater Eco Adventures run school workshops to educate kids - here are some displays of the categories of plastic, as well as a demonstration of how plastic bottle caps can be recycled and repurposed into other products like a key chain!! 

_______________________

#australiagalaxypageants #galaxypageants #msgalaxy #msgalaxyaustralia #msgalaxyaustralia2023 #galaxygirl #pageantgirl #pageantlife #pageantry #beautyforacause #beautyforapurpose #volunteerwork #beachcleanup #cleanupday #oceancleanup #microplastics #communitywork #communitycleanup #manlycove #northernbeachescouncil #moniqueshippen #pittwaterecoadventures"
14,"Hosted by @surfrideraus the Double Island Point Clean Up is a critical annual clean up event, and for the second year in a row, @pelli_bags , and Co-Sponsors Kina, were proud to sponsor the attendance of @oceancrusaders to get the job done! The day was a big success and together we cleaned 280,000m2 of Ocean and Shoreline, Removed 1,200 Kgs of Waste from the beach, recycled 198kgs of plastic, recycled 421kg of steel and had a record 286 volunteers in attendance! Well done to everyone involved ğŸ‘ğŸ‘ğŸ™ŒğŸ™ŒğŸŒŠğŸŒŠ #oceancrusaders #pellibags #oceanlovers #saynotoplastic #savethesea #oceancleanup"
15,"The Ocean Cleanup has now officially removed more than 100,000 kg of plastic from the Great Pacific Garbage Patch (GPGP).

Since deployment in August 2021, System 002 (or â€œJennyâ€) has now collected 101,353 kg of plastic over 45 extractions, sweeping an area of ocean of over 3000km2 â€“ comparable to the size of Luxembourg or Rhode Island. Added to the 7,173 kg of plastic captured by our previous prototype systems, The Ocean Cleanup has now collected 108,526 kg of plastic from the GPGP â€“ more than the combined weight of two and a half Boeing 737-800s, or the dry weight of a space shuttle!
-
#oceancleanup"
16,"During this month's cleanup at Esplanade, a total of 17 volunteers joined PBC captains, including a couple high schoolers training to be junior site captains! It was a successful day even though there were high tide and king tide conditions which made it unsafe to go down to the beach. So instead, volunteers focused their efforts on the streets and in the neighborhood.

Volunteers collected 75.5 pounds of garbage which is an average of about 4.5 pounds of trash per person! Additionally, 11 pounds of recycling and 742 cigarette butts. Wowza!

Thank you so much to everyone who participated in this month's cleanup, we canâ€™t wait to see you at our next one! 

Check our monthly calendar to see where you can join us via the link in our bio. 
.
.
.
.
#trashpicking #saveouroceans #keeptheseaplasticfree #bayareabeaches #cleantown #helpourbeach #saynotoplastic #oceanconservation #cleanupcommunity #sanmateocounty #cleanearth #marinelitter #beachcleaning #keepourbeachesclean #beachtrash #littercleanup #oceanpollution #oceancleanup #oceanplastic #plasticpollutes #plasticocean #beachcleanup #breakfreefromplastic #loveearth #marineconservation #pacifica #plasticpollution #savetheocean"
17,"Week 80 concludes with 2 cleanups in a week, nearly 100 eco enthusiasts joining and we collected 450 kgs+ marine debris. 

Thank you @allcargologisticsltd for joining in full force ğŸ™Œ

Thank you @beachwarriorsindia for believing in the power of collaboration

Amazing street play performance and support by @youngcreativeproduction 

Supported by @bookasmileindia 
Initiative partners @cartercleanup 

#beachcleanup #beachcleaupmumbai #mumbai #cleanup #cleanupday #oceancleanup #carter #saveocean #savetheplanet #savetheearth #earth #beach #warriors #planet"
18,"The ocean clean-up had removed 100,000 kgs of plastic from the great Pacific! 

#thegreatpacificgarbagepatch #beeconow #plasticcleanup #oceancleanup #plasticpollution #stopplasticpollution #endplasticpollution #plasticpollutioninthesea #zerowaste #theoceancleanup"
19,"Shading the sun and cleaning up the oceans, one pair at the time, 1 lbs at the time ğŸŒğŸŒŠ 

#ecofriendly
#sunglasses #beachvibes
#oceancleanup"
20,"Did my first beach cleanup with @sdwhalewatch ! I collected 47 lbs of waste off of Dog Beach, including a tire and 107 cigarette butts. Remember to leave no trace when visiting these beautiful sites 
.
.
.
#sdwhalewatch #beachcleanup #beachpollution #leavenotrace #climatechange #plasticpollution #oceancleanup #whalewatching #conservation #oceanconservation #wildliferehabilitation #beach #protectourplanet #protectouroceans #protectourcoast #california #trashcollecting #recycle #reuse #motherearth #sunset #sunsetcliffs #dogbeach #beachsunset #beachday"
21,"Chinese New Year Beach Clean Up 
Clean Up No. 53
Location: Pantai Taman Gelora
Date:Â  23.1.2023 

Types of trash collected: 
â€¢ Mostly single-use plastic bags
â€¢ Used diapers
â€¢ Rope
â€¢ Clothes
â€¢ Canned drinks 

Weight of trash :Â  37.71 kg 

Number of heroes : 10
â€¢ 6 adults 
â€¢ 4 kids
(And 2 adult runners helped us transport the trash at the end)
Thank you to all volunteers ğŸ™ŒğŸ™ğŸ’› 

Sponsors : 
â€¢ Jue Ahmad & family : Thank you for the used sacks/gunny bags
â€¢ Private contractors engaged to clean the park : we appreciate the massive bin to dispose of the trash collected 

We were fortunate the weather cleared up for our Chinese New Year beach clean up at Taman Gelora. This was our first attempt at a clean up here, and certainly will not be our last! The monsoon brought lots of single use plastic bags which were caught on the mangrove plants. 

We were joined by regular and new volunteers. It is always lovely meeting people who share our views on caring for the environment. 

As it is Chinese New Year, every volunteer received a mandarin as a  treat ğŸŠğŸŠ Gong Xi Gong Xi and we appreciate all of you! 

There is still a lot more plastic trash to clean up at Pantai Taman Gelora, and we hope to do this on another day. If you regularly use the park, do check out the beach area. We hope to organise another clean up here and could do with more help. 

Our events are run completely by volunteers. If you would like to volunteer at our next clean up, look out for updates on our IG or FB page. If you would like to sponsor used bags/sacks/pickers/tshirts/stationery (or anything else which may aid our clean ups and our educational Kids Programme), please send us a message. Thank you ğŸ™ğŸ™‚ 

#stoplittering #litterpick #environment #awareness #wastedisposal #responsibledisposal #savetheenvironment #reuse #sacks #nosingleuseplastic #stopplasticpollution #sustainability #ecowarriors #ecovolunteers #eastcoast #beachcleanup #oceancleanup #climatechange #climateaction #pantaitimur #kuantan #gelora #tamangelora #pantaitamangelora #cny2023 #lunarnewyear #chinesenewyear #trashherokuantan #trashheromalaysia #trashheroworld"
22,"Let your wardrobe make a positive difference! This weekend, every Outermost order sponsors the reclaim and recycling of 1kg ocean-bound plastic with @plasticbank ğŸ¤™ğŸ½
.
Working in regions including Haiti, Philippines and Indonesia, Plastic Bank employ local communities to recover plastic trash from homes and landfill that would otherwise end up dumped in the ocean. This collection is then processed into plastic pellets to be recycled into new products â™»ï¸
.
Check out our plastic-free, organic 
& recyclable clothing via the bio link!
.
ğŸ“· @tomsparkes_
.
#saveourseas #protectourplanet #marineconservation #stoplastic #stopplasticpollution #plasticfree #recyclablefashion #ethicalfashion #ethicalbrand #circularfashion #ocean #sea #lovenature #circulareconomy #oceancleanup"
23,"One kg. is ca. 50 plastic bottles! Thank you @plasticbank ğŸ’™ for all of your hard work! ğŸ’š Every order placed this weekend will support the recovery and recycling of 1kg ocean bound plastic! #stoptheplastictide 
www.realitycheck.global

#savetheoceans #savetheplanet #savetheearth #savetheanimals #nomoreplastic #saynotoplastic #noexcuseforsingleuse #oceancleanup #oceans
#climatestrikeonline #climatestrike 
#globalclimatestrike #rivers #fridaysforfuture #hamburg #sustainableclothing #ethicalfashion #organiccotton #renewableenergy #carbonneutral #circularfashion 
#realitycheckglobal #peace #love"
24,"Disabled beach cleanup. If I can, we all can. I spent 2 hours collecting all this off a 5km stretch of beach. Itâ€™s almost impossible for me to walk in soft sand due to my ankle and knee injuries and pain but I just couldnâ€™t drive past it. Spent the next 24 hours off my feet because of the pain I put myself through. Thereâ€™s probably a km of ropes, 1000â€™s of small pieces of micro plastics, 15 floats, 30 glass and plastic bottles. Around 100 plastic bags and some metal objects. Some timber beams and plenty of smaller pieces. Estimating about 200kgs. The biggest issue here is that I take it off the beach but as thereâ€™s no proper way of recycling all this plastic in year 2023, it ends up in landfill. It breaks my heart to know we produce so much of this awful single use plastic that Iâ€™m just having it moved to another place for it to continue being the planetâ€™s problem. Manufacturing of all plastic products must have an ethical disposal or recycling procedure if weâ€™re to continue consuming and disposing of this stuff. Weâ€™ve trashed the planet so badly in just the last 100 years itâ€™s frightening what our legacy is for the next generations and the health of our oceans and land environments. Iâ€™ve been cleaning up beaches/parks/ bush for a very long time and itâ€™s getting worse. Letâ€™s do better and if something doesnâ€™t belong in nature, remove it because the litterer wonâ€™t. âœŒğŸ¼ğŸŒ

#cleanuptheworld #disabilityawareness #ificandoitsocanyou #recycle #cleanbeaches #naturenotplastic #disabledcleanups #nopainnogain #westisbest #westernaustralia #oceancleanup #"
25,"Shout-out to the ğŸ’›@ckomiami family for celebrating their 6th year anniversary by cleaning up their neighborhood ğŸ’ª Brickell is 202 lbs cleaner ğŸ§¹
â€¢
Did you know that keeping our streets clean is essential for the protection of our oceans? ğŸŒŠ Over 80% of all plastic waste in the oceans comes from land!! So remind your friends to put their trash in the can ğŸ—‘ #KeepMiamiClean
.
.
.
.
.
.
.
#cleanthisbeachup #cleanthisbeachupmiami #miami #miamibeach #brickell #oceancleanup #streetcleanup #communitylove #communityservice #miamithingstodo #savebiscaynebay #plasticfreeliving #stoplittering #litterbug #trashcan #cleanupchallenge #cleansomethingfornothing"
26,"This weekend, from 9am until Midnight sunday. 1kg of ocean-bound plastic is recovered and recycled for every order. ğŸ³

That's the equivalent of 50, yes 50, plastic bottles! And of course your order will be delivered in 100% plastic-free packaging too...

#plasticfree #plasticpollution #plasticfreepackaging #plasticcleanup #oceancleanup #oceanboundplastic #oceanprotection #oceanlover #sustainablefashionbrands #plasticpollutes #plasticplanet"
27,"We just completed our second ocean plastic cleanup with @4ocean and this round was BIG! We removed a whopping 6,413 pounds of plastic from the ocean over the course of 3 days. This cleanup was in the Puerto Barrios region of Guatemala and took a crew of 20 people and 6 boats to complete. Weâ€™re thrilled to be slowly cleaning up our oceans, and we canâ€™t wait to do more! 

#4ocean #oceanplastic #savetheturtles #plasticcrisis #oceancleanup #reducewaste #staygreen #sustainability #makeachange #saveourocean #recycle #flumewater"
28,"Boyan Slat is a Dutch inventor and entrepreneur who founded The Ocean Cleanup, a non-profit organization that develops advanced technologies to remove plastic pollution from the oceans, specifically the Great Pacific Garbage Patch, a large area of the Pacific Ocean where marine debris accumulates. The organization aims to clean up 90% of the plastic in the patch by 2040.

The Ocean Cleanup Interceptor boat in Los Angeles is a vessel designed to remove plastic pollution from rivers before it reaches the ocean. It uses a conveyor belt system to collect debris and can collect up to 50,000 pounds of trash per day. The boat also includes an onboard recycling facility to process the collected plastic.

#oceancleanup #herphero #ocean #oceans #cleanup #losangeles #interceptor007 #trash #trashcleanup #rivers #losangelescalifornia #socal #boyanslat"
29,"This weekend each product sold will help fund the recovery and recycling of 1kg of Ocean-bound plastic with Plastic Bank. 

The less single use plastic in the world = a lot less plastic dumped in the ocean. 

No code needed. Automatically calculated after checkout. 

Looking great whilst looking after the planet ğŸŒ 

Link in Bio â™»ï¸

MANYMOODS.CO.UK

#slowfashionbrand #sustainablefashion #organic #plasticfree #plasticfreeoceans #plasticfreeliving #plasticfreeforthesea #plasticfreelife #plasticfreepackaging #oceanbound #oceancleanup #plasticbank #plasticbankpartner #zeroplastic #zeroplasticwaste #oceanlife #oceanlover #tshirts #hoodies #jumpers #sweaters #vesttop #artprints #totebags #jigsawpuzzles #manymoods"
30,"Did you know the Dune x 4ocean recovered over 16,000 lbs of ocean plastic?! ğŸ¥³â™»ï¸â™»

You can help the 4ocean team pull more plastic by personalizing your Dune with 4ocean-certified recovered ocean plastic or by shopping our exclusive collection!ğŸŒŠ

link in bioâœ¨"
31,"Big waves & Thick trash 
Hey ocean lovers! These storms are rad, and thereâ€™s so many waves to catch. Please consider picking up trash for just 15 minutes after surfing. I collected 15 pounds of trash that quickly. Lower tides are best. Letâ€™s catch this crap before it all goes back into the ocean. 

On that note, how about these corporations making millions every quarter be responsible for their garbage reclamation?!? France is leading the way. Letâ€™s move U.S.! How about it @payday_bar @kiehls @plackersdental @gatorade @7eleven @crystalgeysersparkling ??? (Pictured here making micro plastics for my beach) 

Iâ€™ve felt super guilty all my life about the garbage I throw out. Out into nature? How about back to the factory. We demand systems that serve nature and the ocean. Not the deep pockets of the few."
32,"Together weâ€™ve removed close to 6000 lbs of plastic from the ocean in a little more than a year! We intend to X3 that number in 2023! Stay tuned a keep supporting us and our mission! 

#seethroughbs 

#oceanpositive #sustainability #sustainablefashion #ecofriendly #ecofriendlyproducts #oceanconservation #oceancleanup #mission"
33,"Beach Clean Up - Clean Up No. 52
Location: Pantai Pelindung
Date:Â  7.1.2023 

Types of trash collected: 
â€¢ Single-use plastic cups, bottles, straws
â€¢ Food wrappers
â€¢ Glass bottles
â€¢ Polystyrene
â€¢ Cigarette boxes
â€¢ Used diapers 
â€¢ Face masks

Bags of trash collected : 12 sacks
Weight of trash : Approximately 72 kg 

Number of heroes : 28
â€¢ 7 adults 
â€¢ 21 kids 

Sponsor : Jue Ahmad & family ğŸ’›
Thank you for the used sacks.Â These were reused for trash collection today and were super sturdy.

Today was our first clean up for the new year. We were joined by many new volunteers : children and staff from Pusat Jagaan Cahaya who live in the Pelindung area. It was heartening to see the enthusiastic young girls happily cleaning the beach inspite of their difficult background. We had some regular volunteers join in too which is always a pleasure! ğŸ’› 

If you would like to volunteer at our next clean up, look out for updates on our IG or FB page. If you would like to sponsor used bags/sacks, pickers or tshirts for our volunteers (or anything else which may aid our clean ups), do drop us a message. Thank you ğŸ™ 

#stoplittering #litterpick #environment #awareness #wastedisposal #responsibledisposal #savetheenvironment #reuse #sacks #nosingleuseplastic #stopplasticpollution #sustainability #ecowarriors #ecovolunteers #eastcoast #beachcleanup #oceancleanup #climatechange #climateaction #zerowaste #pantaitimur #kuantan #pelindungbeach #pantaipelindung #sutravilla #trashherokuantan #trashheromalaysia #trashheroworld #trashhero"
34,"Ocean Blue Opal Ring! 

6mm wide with an inlay of ocean Blue opals.

For every ring sold in January, we will make a donation to remove 5lbs of trash from the ocean! 

GoodRings, Rings That Do Good!

#smallbusiness #oceancleanup #blueopals #opalring #weddingringforher #GoodRings"
35,"Our first goal, with your support, is to remove and recycle 10,000,000 pounds of water waste to help keep the oceans clean and healthy for future generations.â€‹â€‹â€‹â€‹â€‹â€‹â€‹â€‹
â€‹â€‹â€‹â€‹â€‹â€‹â€‹â€‹
A single bracelet makes the difference. Link in bio. â€‹â€‹â€‹â€‹â€‹â€‹â€‹â€‹
â€‹â€‹â€‹â€‹â€‹â€‹â€‹â€‹
#handmadebracelets #virtumade #terracycle #terracycleglobalfoundation #bracelet #bracelets #handmadebracelet #sustainable #sustainablejewelry #ecologic #sustainability #sustainableaccessories #ecofriendly #sustainableliving #environment #zerowaste #sustainablefashion #oceancleanup #recycle #artisanmade #artisan #beachliving #beachlifestyle #beachlife"
36,"2022 was an incredible year and despite severe floods in KZN and another year impacted by COVID not only can we say we made it, but we also managed to achieve alot to be proud of. 

Our final newsletter of 2022 covered our highlights for last year one of which was the Umhlanga River blockage in January. 

After the storms and heavy rains earlier in January, we took to social media to show the extent of damage in the Umhlanga River where we quickly deployed a team of 20 staff. 

To paint a picture, the plastic â€˜blockageâ€™ was approximately 3 meters deep and 70m upstream, which resulted in hundreds of thousands of kgs of plastic pollution.

What followed was a spectacular show of teamwork, with many organisations and individuals from around the world rallying together to remedy this bad situation!

A significant R200 000 was raised and allowed us to expand our team to 20 and deploy a TLB, as well as tractors and trailers (thanks to local farmer Rob West).

It was a tremendous feat due to our communities support and belief we were able to tackle this environmental disaster and cleared a massive 150 000kgs of waste. 

WATCH:  https://youtu.be/SsSRqxBT310
.
.
â€¢â€‹â€‹â€‹â€‹â€‹â€‹â€‹â€‹
â€¢â€‹â€‹â€‹â€‹â€‹â€‹â€‹â€‹
#Parley #ParleyAir #ParleyForTheOceans #OceanConservation #OceanPollution #OceanCleanUp #RiverPollution #RiverConservation #Pollution #StopPollution #PlasticPollution #EndPlasticPollution #StopPlasticPollution #Recycle #Litter #CleanUp #GreenFuture #ConsciousLiving #Environment #SaveOurPlanet #PlasticBottle #Plastics #PlasticFreeLiving #PlasticWaste #PlasticOcean"
37,"A hodgepodge of mini cleanups todayâ€¦ First stop, Humarock Beach parking lot, mostly doggy doodoo bags dropped by dodos. 

Next, the rear of the former Bank of America building on Front Street; the slow decay has accelerated and the graffiti artists are tagging it â€” This needs to be cleaned up. We removed the broken glass from the scene but this mess requires professional help. The deteriorating building is situated on the estuary which forms where Satuit Brook meets the Atlantic Ocean.

Last stop: Greenbush... We tidied up the path between New Driftway and Ford Place. Many nips, some fast food service, and more graffiti, this time a giant black and red caterpillar. The black body looks to be covering up writing. I think a coat of paint colored to match the wall is needed to discourage further artful contributions. The graffiti is a disturbing trend, keeping in mind the Broken Windows Theory which states that when low level crimes like vandalism are ignored, higher level and more serious crimes begin to occur.

Todayâ€™s total weight: 4.5 pounds
Number of nip bottles collected: 11

#scituatetrashed #humarockbeach #scituateharbor #satuitbrook #estuary #tidalestuary #greenbush #endnips #bannips #scituate #scituatema #scituategraffiti #cleanup #oceancleanup #conservation #oceanconservation #lovewhereyoulive #protectwhatyoulove #bethechange"
38,"In December, a team of staff and guests removed 376 kg of plastic debris from the beaches of St Francois Island! ğŸ’ªğŸ¼

Unfortunately, this represents only a year of debris accumulation on only half the island which gives insight to just how much plastic pollution affects these remote oceanic atolls. 

A massive well done to:
@ics_seychelles
@bluesafariseychelles
@alphonsefishingco

Encouraging you to get involved with beach and river clean-ups in your area this year as well as be conscious about your consumption so we can tackle the #plasticplague together!

#marineconservation #plasticparadise #seychelles #outerislands #getinvolved #beachclean #cleanupyourneighbourhood #rivercleanup #oceanproject #oceancleanup #plasticpollution #marinedebris"
39,"Museum Beach was the focus of our efforts today. The storm surge swept in loads of marine debris: nylon rope, styrofoam bits, bottle caps, the omnipresent alcohol containers, and our cute new friend, a Barbie Chelsea Color Reveal doll! She lost her hairpiece, her skirt, and her shoes in the storm, but she loves her new shovel. 

In addition to the debris that surged in, Museum Beach has a serious problem with doggie doodoo bags. I hate to use a cutesy name for this disgusting item that dog owners seem compelled to toss in any direction in this town. One true nut job in the Museum Beach area has a penchant for flinging their doggie doodoo bags *at* the dumpster belonging to Scituate Yacht Club. They donâ€™t even bother to throw the bags into the dumpster, they pile them up beside it. Then let us note the numerous piles of doggie doodoo that are left on the beach outside of bags. 

The debris that we cleaned up today weighed 11 pounds. We also moved an orange kayak that some selfish and uncaring soul had left overturned on the beachgrass. The lack of couth is bewildering.

#scituatetrashed #scituateharbor #museumbeach #scituate #scituatema #cleanup #oceancleanup #conservation #oceanconservation #lovewhereyoulive #protectwhatyoulove #bethechange"
40,"Happy New Year everyone!  What's the best way to start the year?  Helping our oceans of course and even if it was a 130 mile round trip after night shift, I wasn't going to miss this meet-up organised by @seashepherduk for anything.  32 kgs of rubbish cleared, kids left inspired to do it all again and my energies were well and truly revived to keep doing what I love â¤ï¸. Wishing you all the best 2023 and that it brings you everything you wish for #oceancleanup #oceanclean #oceanlife #oceanconservation #bournemouthbeach #keepbournemouthtidy #cleanoceans"
41,"Happy New Year everyone!  What's the best way to start the year?  Helping our oceans of course and even if it was a 130 mile round trip after night shift, I wasn't going to miss this meet-up organised by @seashepherduk for anything.  32 kgs of rubbish cleared, kids left inspired to do it all again and my energies were well and truly revived to keep doing what I love â¤ï¸. Wishing you all the best 2023 and that it brings you everything you wish for #oceancleanup #oceanclean #oceanlife #oceanconservation #bournemouthbeach #keepbournemouthtidy #"
42,"Seabin Project is an inspiring company dedicated to providing practical and tangible solutions to reduce the plastics in our oceans.ğŸŒŠğŸŒğŸ’š
 
There are currently 860 Seabins in Marinaâ€™s worldwide, that work to filter debris, trash, oil and microfibres out of the oceans through 100% recyclable mesh bags.â™»ï¸
 
Seabins or â€œTrash skimmersâ€ catch approximately 3612.8 kgs of trash each day!ğŸ¤©
 
Each Seabin has the capacity to catch per year,
- 90 000 Plastic bags,
- 35 700 Disposable cups,
- 16 500 Plastic bottles,
- 166 500 Plastic utensils.
 
While this is a fantastic project, it is still up to us to choose biodegradable, choose nontoxic, choose reusable - GO GREEN!ğŸŒ±â™»ï¸ğŸ’š

#seabin #seabinproject #plasticpollution #marinelife #marineconservation #oceancleanup #reducewaste #saveourseas #clearocean #thegreenstewardess #stopplasticpollution #ecocrew #ecofriendlyproducts #sustainableliving #greensolutions #plasticfree #ecofriendlyyachting"
43,"As we reach the end of the year, here is a recap on some of 2022â€™s most important ocean optimism ğŸ˜Š

NEGOTIATIONS BEGIN FOR AN INTERNATIONAL TREATY TO CURB PLASTIC POLLUTION â™»ï¸
In March 2022 the  United Nations began negotiations on an international treaty to curb plastic pollution, these should conclude in 2023.

54 NEW SPECIES OF SHARKS GIVEN LEGAL PROTECTIONSğŸ¦ˆ
CoP19 resulted in expansion of protection for around 90% of shark and ray species. 

DEEP SEA MINING HALTED ğŸŒŠâ›ï¸
Multiple nations spoke out, halting the further development of the deep sea mining industry

THE GREEN SHIPPING INITIATIVE WAS LAUNCHED 
In November The Green shipping challenge launched. Detailing the decarbonisation of an industry responsible for 3% of global emissions.

Finally, some milestones that have increased since we last reported them in these posts!

OVER 2M kg OF PLASTIC REMOVED FROM THE GREAT PACIFIC GARBAGE PATCH ğŸ—‘ï¸ğŸŒŠ
As of today, the ocean cleanup project has removed 193,826 kg of plastic from the Great Pacific garbage patch. 

OVER 190 COUNTRIES HAVE PLEDGED THE 30X30 INITIATIVE â›°ï¸ğŸŒŠ
While the number of countries which have pledged to protect 30% of their land and oceans by 2030 is up to 112.

Whilst a lot has been done to help our oceans this year, we still have a long way to go. Join us as we fight for our planet, and tell the stories that bring us ocean optimism in the coming year! ğŸŒğŸŒŠğŸ’ªğŸ»"
44,"GAIA Insights is a proud supporter of @theoceancleanup. A portion of our 2022 annual donations have once again been given to this wonderful organization that's working tirelessly to rid the oceans from plastic. 

After 61 extractions and 194,092 kg of plastic out of the ocean, their System 002 is going on winter break. 2022 in numbers:

- 8 trips into the Great Pacific Garbage Patch on cleaning operations
- Over 150 days at sea (including transit)
- 153,000 kg of plastic removed from the Great Pacific Garbage Patch
- 4 consecutive trips with catch totals over 25,000 kg
- 99.9% of catch comprising only plastic

""As we enter winter, it is time to bring our system back to port for scheduled evaluation and upgrades as part of the ongoing transition to the larger and more efficient System 03. We are scheduled to head back out to restart cleaning the Great Pacific Garbage Patch in March 2023.""

Find our post on LinkedIn or Facebook to read The Ocean Cleanup's latest update and why it's worth our support: https://theoceancleanup.com/updates/system-002-signs-off-for-2022-redeployment-in-spring-2023/

#gaiainsights #oceancleanup #oceanconservation #plasticfreeoceans #regenerativeleadership #planet #inthistogether"
45,"Wow! Amazing work from @theoceancleanup

On this cleanup, they extracted 10,755 kg of trash from the ocean! 

Incredible!

#oceancleanup #cleansea #plasticfree #sealife #clearwaters #coast #ocean"
46,"Wow! Amazing work from @theoceancleanup

On this cleanup, they extracted 10,755 kg of trash from the ocean! 

Incredible!

#oceancleanup #cleansea #plasticfree #sealife #clearwaters #coast #ocean"
47,"Wow! Amazing work from @theoceancleanup

On this cleanup, they extracted 10,755 kg of trash from the ocean! 

Incredible!

#oceancleanup #cleansea #plasticfree #sealife #clearwaters #coast #ocean"
48,"16,040kg's of litter removed from the Ohlanga Estuary! ğŸ™ŒğŸ’ª

""The cleanup has been a monumental effort from our team on the ground. They have worked tirelessly in challenging and ever changing conditions and their commitment to cleaning as much waste as possible from that estuary and surrounding coastline has been impressive. 

We have formed a great relationship with the eThekwini Parks Department and this project would not have been possible without having them at our side. They committed themselves 100% and have not let us down one bit and we look forward to future collaborations with their department. 

As we round off our 1-month strike clean of the estuary we will look to see what measures we can take to further our impact there and continue protecting that important ecosystem.' - Josh Redman, Operations Manager, The Litterboom Project

#Parley #ParleyAir #ParleyForTheOceans #OceanConservation #OceanPollution #OceanCleanUp #RiverPollution #RiverConservation #Pollution #StopPollution #PlasticPollution #EndPlasticPollution #StopPlasticPollution #Recycle #Litter #CleanUp #GreenFuture #ConsciousLiving #Environment #SaveOurPlanet #PlasticBottle #Plastics #PlasticFreeLiving #PlasticWaste #PlasticOcean"
49,First time dealing with a rain event and they stopped 35000 lbs of waste from entering the ocean near LA. This group has also been tackling the great pacific garbage patch and kicking ass.  They need support even if it's just cheering them on.  #oceancleanup #support
50,"Much of the plastic waste that enters our oceans is picked up by circulating ocean currents known as gyres. Waste from the US  and Japan gets sucked into the Great Garbage Patch, an area of the Pacific between the US and Japan. The â€˜Patchâ€™ covers some 1.6 million square kilometers and contains around 100 million kilograms of plastic.

@TheOceanCleanup is a non-profit organization that wants to remove 90% of the Patchâ€™s floating plastic by 2040. Its net-based System 002 has already removed more than 100,000kg of plastic from the patch. Now, the organization is working on System 003 and based on a recently-released concept video, it looks pretty awesome.

System 003 will use drones to identify waste hotspots and direct the three-ship net system to the location. Two ships will tow a massive 1,600-meter wide and four-meter deep screening system between them. The screening system funnels plastic waste into a central net. When full, the team empty the net onto a third boat, where the plastic is sorted and stored in onboard shipping containers for subsequent recycling. The slow towing speed of the system (0.75m/s) should allow most marine life to avoid being caught up (though I do wonder what will happen to jellyfish).

The Ocean Cleanup plans to create a fleet of ten System 003 machines in the coming months. You can follow their progress on Twitter and Instagram.

ğŸ”„: @utuearth via @oneplanetshop.de
#plasticpollutes #refuseplastic #plasticpollution #plasticfree #climatecrisis #sustainability #climatechange #reducewaste #breakfreefromplastic #beatplasticpollution #oceancleanup #oceanplastic"
51,"Week 75, we collected 240 kgs of marine debris.
Making a difference one day at a time.

Thankyou @samvedana.nmims and @socialoutreachunitupg for joining us.

NGO Partner: @eksaathfoundation 

@my_bmc @swachh_survekshan 

#cartercleanup #cartercleanupdrive #carterbeachcleanup #beachcleanup #mumbaibeachcleanup #mumbaibeaches #cleanbeaches #savethenvironment #savetheplanet #greenearth #greenplanet #savemarinelife #natureisprecious #teamwork #oneearth #beatplasticpollution #cleanseas #oceancleanup #bandra #bandrabuzz"
52,"Ocean cleanup with Sydney by Kayak!!! @sydney_by_kayak 
It started as fun but mannnn the things people throw in the ocean ğŸ˜«
10kgs of rubbish collected in an hour!
...........
..........
.........
........
.......
......
.....
....
...
..
.
#sydneybykayak #sydney_by_kayak #oceancleanup #ocean #volunteer #volunteering #sydney #sydneyoperahouse #sydneyocean #harbour #sydbeyharbour #vto #salesforce #pride #gay #gayboy #sydneydiaries #traveldiaries #kayak #kayaking #cleaning #blue #summer #lunapark #waves #activity #instalike #instalikes #instagood #instagay"
53,"#latergram #worldcleanupday

On #worldcleanupday2022 we were engaged by @dhlexpresspakistan and @hapaglloydag to clean up a portion of #turtlebeach.

A HUGE thank you to @rlccpk for providing upcycled block printed bags made out of newspaper! And also to CEO RLCC Somayeh Bardai for giving a talk on waste management while @ahshabbar was way.

Together, we ended up picking up 714 kg of waste. Out of which 250 kg was #plastic, 22 kg was #paper, 18 kg was tetrapak, 26 kg was #glass, 53 kg was #cloth and a whopping (yet not surprising) 66 kg was #shoes (Yes. Shoes. 545 pieces to be exact!) with the rest being landfill trash.

We need to keep in mind that beaches across #Pakistan are some of the dirtiest in the world. So, we want to thank HL, and DHL deeply for their efforts to clean up!
.
.
.
#trash #beach #coast #ocean #sea #oceancleanup #karachi #savetheturtles #turtlebeach #Saynotoplastic #seaview #nature #ClimateChange #sustainable #lifestyle #dhl #waste #effort #cleanup #cleanupchallenge
.
.
.
@worldcleanupday.global @oceancleanup.project @greenpeace @the.environmental"
54,"For the rest of the year, we will be reminiscing on some of PBCâ€™s accomplishments throughout 2022, up next is California Coastal Cleanup Day, which happened on September 17th this year. 

Thank you to everyone who joined an organized cleanup, did their own cleanup, restored a native habitat, supported, or attended our 25th anniversary of the California Coastal Cleanup Day! 

Our results in these photos, but statewide, more than 27,000 volunteers helped in the effort. (With 60 percent of cleanup sites reporting, the count stands at 27,185 volunteers.) Those volunteers picked up 220,861 pounds of trash and an additional 29,702 pounds of recyclable materials â€” for a total of 250,563 pounds or 125 tons. Impressive!

See you next September for the next CCCD, but remember any day can be a cleanup day here in California, or anywhere! 

Read about our other â€˜22 achievements via the '22 Year in Review' tab in our bio. 

Photos by Dave Rauenbueler
.
.
.
#trashpicking #saveouroceans #keeptheseaplasticfree #bayareabeaches #cleantown #helpourbeach #saynotoplastic #oceanconservation #cleanupcommunity #sanmateocounty #cleanearth #marinelitter #beachcleaning #keepourbeachesclean #beachtrash #littercleanup #oceanpollution #oceancleanup #oceanplastic #plasticpollutes #plasticocean #beachcleanup #breakfreefromplastic #loveearth #marineconservation #pacifica #plasticpollution #savetheocean"
55,"On the 7th Day of Christmas, my true love sent to me - 7 swans swimming, or for our gift giving guide recycled swim wear, and a wooden toy swan car.

united by blue is an organization focused on both cleaning up the environment while reusing waste and recyclables. As a certified B Corporation and Climate Neutral Certified, they remove 1lb of trash removed for every product sold - with over 4 million pounds reclaimed so far - while organizing high yielding community cleanup events. They offer men's swim trunks with 100% recycled polyester, bikini bottoms having 88% recycled material, hats made from 100% organic cotton, and many more. This company is approaching sustainable fashion on multiple fronts, check out united by blue for your swim wear needs!
bit.ly/3HgrcXt

Next we have another product for the babies - a white swan toy car from Nature Baby. Made with solid wood and water-based eco-friendly paint, this is a perfect first toy for the little ones. Nature Baby also offers organic, chemical free cotton and merino wool clothing. This is another sustainable baby clothing and toy store!
bit.ly/3P7PbtO

Another swim and lounge wear brand is Vitamin A who, over a 10 year period, analyzed their supply chain in order to procure suppliers for creating their own swimwear fabric made from recycled materials. This process saves water during production, diverts waste from landfills and the ocean, reduces emissions and saves many kWh of energy - all stats which are provided on their website. Vitamin A also donates a portion of their sales to multiple organizations protecting our oceans. Another great swim and lounge wear brand!
bit.ly/3FaGmuP"
56,"The Ohlanga Estuary cleanup is making excellent progress. 

'As we round up our 3rd week in the estuary, it really is amazing to see how well the team has done. They have been working really well and can genuinely see that they are proud of what they doing. We have 1 more week on the ground and the guys are combing through tree lines and reed banks trying to get to the tricky spots' - Josh Redman, National Operations Manager, The Litterboom Project. 

This hard working team have removed an incredible 11,240kgs of litter from the Ohlanga Estuary and beach area since the start of the clean up of which 1,620kgs has been sent for recycling. ğŸ™ŒğŸ’ª

If you would like to support the work we do please visit the link in our profile. 

#Parley #ParleyAir #ParleyForTheOceans #OceanConservation #OceanPollution #OceanCleanUp #RiverPollution #RiverConservation #Pollution #StopPollution #PlasticPollution #EndPlasticPollution #StopPlasticPollution #Recycle #Litter #CleanUp #GreenFuture #ConsciousLiving #Environment #SaveOurPlanet #PlasticBottle #Plastics #PlasticFreeLiving #PlasticWaste #PlasticOcean"
57,"Go check out our website! For every bathrobe sold, 1lb of plastic is removed from our beautiful Ocean! ğŸŒŠğŸ’šğŸŒ¿ğŸ‘¶
â€¢
â€¢
Follow @junglebizz for more 
Follow @junglebizz for more 
Follow @junglebizz for more
â€¢
â€¢
#nyfÃ¸dt #plasticfree #organiccotton #babytÃ¸j #babytÃ¸jtilsalg #babytÃ¸jsÃ¦lges #junglebizz #babytÃ¸jsalg #babytÃ¸jswebshop #oceancleanup #teamseas #teamtrees #babybathrobe #babymorgenkÃ¥be"
58,"Did you know? The upward-pointing trunks of elephant statues are regarded to be particularly lucky and bring wealth to the home. ğŸ’š

Here, an Artisan is hand-crafting a large elephant, made entirely of flip flops upcycled from our oceans & waterways.

ğŸ©´ğŸ˜

Each Large Elephant collects 949 lbs of trash - together, we can make a lasting difference!

https://oceansole.com/products/elephant-flip-flop-sculpture

---

.
.
.
.
.
.

---

#ecochristmasguide 
#reducereuserecycle #saveouroceans #oceansole
#oceansole #flipflops #flipflop #oceancleanup #trashart #trashartist #kenyanart #kenyanartist #africanart #africanartist #africanartists #sculpture #sculptureart #madeinkenya #madeinkenyağŸ‡°ğŸ‡ª #madeinkenyabykenyans #kenyağŸ‡°ğŸ‡ª #oceantrash #karenvillage #madeinafrica #oceanart #oceanlover #oceanlife"
59,"(English below)

Siapa tahu mana kita boleh dapatkan guni Gula Prai 50 kg ini (ataupun guni yang hampir sama seperti ini)? 

Kami nak guna semula guni untuk sesi pembersihan pantai kami. Kalau siapaÂ² ada info atau ada yang boleh sponsor, dialu-alukan ya. Tolong share post kami, terima kasih ğŸ’› 

Ps: GadisÂ² (Nita dan ViÃ©ra) tak betulÂ² minum dari botolÂ² tu ye. Kami terjumpa botolÂ² ni di pantai berhadapan dengan Taman Gelora. Guni pun terdampar di sana. Jadi terus kutip botolÂ² lah hari tu. 

*** 

Who knows where we can get these used Gula Prai 50kg gunny bags (or any similar bags)? 

We want to reuse these bags for our beach clean ups. We welcome anyone with information and those wishing to sponsor these bags. Please help share this post, thank you ğŸ’› 

Ps: The girls (Nita and ViÃ©ra) are not actually drinking from those bottles. We happen to collect these bottles at the beach fronting Taman Gelora. Even the Gula Prai gunny bag was found on the beach. 

#reusedbags #reusablebags #gunnysack #gunnybag #guni #beachcleanup #oceancleanup #seaside #volunteers #tamangelora  #kuantan #pahang #eastcoast #pantaitimur #pantaigelora #pantaitembeling #pantaiteluksisek"
60,"ğŸ¤¯ğŸ‘ğŸ¼
.
Much of the plastic waste that enters our oceans is picked up by circulating ocean currents known as gyres. Waste from the US anJ  gets sucked into the Great Garbage Patch â€“ an area of the Pacific between the US and Japan. The 'Patch' covers some 1.6 million square kilometres and contains around 100 million kilograms of plastic.

@TheOceanCleanup is a non-profit organisation that wants to remove 90% of the Patchâ€™s floating plastic by 2040. Its net-based System 002 has already removed more than 100,000kg of plastic from the patch. Now, the organisation is working on System 003 and based on a recently-released concept video, it looks pretty awesome.

System 003 will use drones to identify waste hotspots and direct the three-ship net system to the location. Two ships will tow a massive 1,600-meter wide and four-meter deep screening system between them. The screening system funnels plastic waste into a central net. When full, the team empty the net onto a third boat, where the plastic is sorted and stored in onboard shipping containers for subsequent recycling. The slow towing speed of the system (0.75m/s) should allow most marine life to avoid being caught up (though I do wonder what will happen to jellyfish).

The Ocean Cleanup plans to create a fleet of ten System 003 machines in the coming months. You can follow their progress on Twitter and Instagram.

ğŸ”„: @utuearth

#plasticpollutes #plasticsucks #refuseplastic #plasticpollution #plasticfree #plasticfreeliving #uselessplastic #gogreen #wastefreeliving #ecofriendly #ecoconcious #zerowasteliving #zerowaste #climatecrisis #zerowastelife #greenliving #sustainable #sustainableliving #sustainability #climatechange #reducewaste #breakfreefromplastic #beatplasticpollution #4ocean #oceancleanup #oceanplastic #oceantrash #UtuClimateAction"
61,"@onebagbeachclean 

Come and join a beach clean!
Itâ€™s good for the planet and your mental health - itâ€™s a win-win!
So far this year my wonderful group of volunteers have collected a staggering amount of rubbish from our local beaches.
194.8 kg of general waste and 61kg of mixed recycling, cans, glass, plastic bottles, metal and wood. This doesnâ€™t even include the very large pieces of metal and plastic which I am unable to weigh. 

At One Bag Beach Clean we work alongside many other local community groups and businesses down here in Cornwall. SO, a big shout out to all you amazing people out there, you know who you are! Together we really can make a difference.

All upcoming events are listed on my FB page.
https://www.facebook.com/onebagbeachcl#glendurgan 

#beachclean #beach #morningwalk #plasticfreehelfordriver #plasticfree #oceancleanup #recycling #litterpick #durgan #beachcleanevent #nationaltrustsouthwest #glendurgan"
62,"Much of the plastic waste that enters our oceans is picked up by circulating ocean currents known as gyres. Waste from the US anJ  gets sucked into the Great Garbage Patch â€“ an area of the Pacific between the US and Japan. The 'Patch' covers some 1.6 million square kilometres and contains around 100 million kilograms of plastic.

@TheOceanCleanup is a non-profit organisation that wants to remove 90% of the Patchâ€™s floating plastic by 2040. Its net-based System 002 has already removed more than 100,000kg of plastic from the patch. Now, the organisation is working on System 003 and based on a recently-released concept video, it looks pretty awesome.

System 003 will use drones to identify waste hotspots and direct the three-ship net system to the location. Two ships will tow a massive 1,600-meter wide and four-meter deep screening system between them. The screening system funnels plastic waste into a central net. When full, the team empty the net onto a third boat, where the plastic is sorted and stored in onboard shipping containers for subsequent recycling. The slow towing speed of the system (0.75m/s) should allow most marine life to avoid being caught up (though I do wonder what will happen to jellyfish).

The Ocean Cleanup plans to create a fleet of ten System 003 machines in the coming months. You can follow their progress on Twitter and Instagram.

#plasticpollutes #plasticsucks #refuseplastic #plasticpollution #plasticfree #plasticfreeliving #uselessplastic #gogreen #wastefreeliving #ecofriendly #ecoconcious #zerowasteliving #zerowaste #climatecrisis #zerowastelife #greenliving #sustainable #sustainableliving #sustainability #climatechange #reducewaste #breakfreefromplastic #beatplasticpollution #4ocean #oceancleanup #oceanplastic #oceantrash #UtuClimateAction"
63,"Why do we give? We give to show we care. We give to show we believe in change. We give to show our responsibility to wildlife. 

Happy Giving Tuesday to all of our Guardians. Thank you for your support. It has made a huge impact in 2022. Please consider supporting us in 2023, so we can continue to host bigger and better beach cleanups every year. (t-shirts make great gifts, 15% off, promo code: GiveOn22)

As you can see, our K59 beach cleanups were extremely productive, up to 800 lbs of trash or more. And that's 100% due to the enthusiasm and hard work of the local surfers, photographers, fisherman, and other volunteers who put in the sweat.

We hope you have a great holiday and look forward to keeping you updated on our progress in 2023.

 #givingtuesday2022 #surfinggivesback
#beachcleanup #k59surfresort #k59 #surf #surfing #elsalvador #holidaygifts2022 #nonprofit #elsalvadortravel #environmental #plasticpollution #trashtag #guardiansofk59 #surfelsalvador #elsalvadortravel #oceancleanup #plasticcleanup #ecotravel #holidaygifts #surfgifts #ecotourism #plasticocean #nonprofitorganization"
64,"Today, November 29th, the world celebrates #GivingTuesday, a day to give back before kicking off the start of the holiday season. 

As well as our other more permanent sites, our teams are still hard at work in the Ohlanga Estuary where we have increased our staff from 11 to 20 to take advantage of the low water levels, which have made a lot of areas more accessible. We can now clear a lot more of the plastic and prevent it from entering our oceans. 

As of yesterday afternoon, in the Ohlanga Estuary alone the team has cleared 1330 black bags for landfill and 920kgs of recyclables. An absolutely incredible effort! 

We couldn't do any of this without your help. If you would like to Give Back to our Oceans this #GivingTuesday and support our work please follow the link in our profile for ways to donate. 

Even small donations can make a big difference!

#Parley #ParleyAir #ParleyForTheOceans #OceanConservation #OceanPollution #OceanCleanUp #RiverPollution #RiverConservation #Pollution #StopPollution #PlasticPollution #EndPlasticPollution #StopPlasticPollution #Recycle #Litter #CleanUp #GreenFuture #ConsciousLiving #Environment #SaveOurPlanet #PlasticBottle #Plastics #PlasticFreeLiving #PlasticWaste #PlasticOcean"
65,"Just a friendly reminder to please pick up your trash this holiday season!! After this plastic bag shred I got handfuls of small pieces of plastic and band-aids - some snatched out of fish mouths :( After photographing those gorgeous jellies the other day, I thought the clear plastic bags were jellies until i got up close. 
.
Tuesday musings. Scientists estimate that more than 11 million metric tons of plastic enters the oceans **every year** And to answer the big question, yes, you picking up that one shred does make a difference - to the turtle or fish that won't eat it now. (and. um hypothetically, since there are over 7.8 billion people 3 lbs per person per year would knock that one out ;) ) 
.
.
.
.
.
.
.
.
.
#debris #marinedebris #cleanuptheworld #oceancleanup #conservationphotography #garbage #plasticpollution #plasticwaste #jellyfishes #earthdayeveryday #marineconservation #savethesea #savetheocean"
66,"The LightForce team in Costa Rica spent their weekend working on project #recuperemosguacalillo. Together with @greenwolfcr ,they cleaned up â™»ï¸365 kilograms of ocean beach waste and planted 347 trees ğŸŒ³

We are proud to have a worldwide team passionate about making the world a better place ğŸŒ 

#bracesbutbetter #lightforcebraces #costarica #oceancleanup #plantatree #environmentalimpact #environment #maketheworldabetterplace #lovetheearth #giveback"
67,"Swim For Change ğŸŠâ€â™‚ï¸ 

After nearly 18 months out of action due to over training, operations, covid and mental health, I am really happy to announce a fresh start to the relaunch of my swim campaigns and training for the English Channel swim with @empowerplastic.

Last year through the swim campaigns I managed to raise a total of Â£2127, this money was directly spent on certified clean up operations around the world which you can see at @oneglobalocean, recovering a total of 3500kg of ocean plastic.

The swim project will be spread over a two or three year period (not one!) with the aim this time on raising awareness through different campaigns here in North Wales, and in turn raising more money to help support those most in need around the world.

Thanks for all your support so far, it all helps ğŸ™
.
.
.
.
.
.
.
.
.
.
.
#swim #swimming #swimforchange #weswim #swimsuits #coldwater #mentalhealth #swimwithus #weswimwild #snowdoniaswimming #oceancleanup #ocean #channelswim #swimwithus #plasticpolution #microplastics #raiseawarness #swimsafe #swimiowplasticfight #swimtoraisefunds #empowerplastic #loveocean #campaigns #support #huub #swimcoach #newstart #swimworkout #swimtraining #litterpicking #singleuseplastic"
68,"ğŸŒâ€The greatest threat to our planet is the belief that someone else will save it.â€ - Robert Swan ğŸŒ Today, our students and staff worked together to âœ¨dive and snorkel with a purpose!âœ¨ In collaboration with @sendabagpickupabag, we collected several bags of trash ğŸš® that have accumulated at a couple of our sites since hurricane Fiona.ğŸŒ€ It was gratifying to leave the sites better than we found them and itâ€™s always inspiring to witness the profound impact we have when we work together. ğŸ¤ Congrats to Waterfront Assistant Conrad who also removed two highly invasive lionfish, one of which is a season record by weight (475g 1.04lbs 32cm)! ğŸ‰ This excursion was a tremendous success, stay tuned for an action-packed video and more reef clean up opportunities! 

ğŸ“¸: Waterfront Assistants Conrad and Miranda

#thesfs #paditv #padiaware #paditravel #diveagainstdebris #projectaware #reefcleanup #teamwork #marinedebris #oceancleanup #studyabroad #fieldresearch #scuba #snorkel #tci #sendabagpickupabag"
69,"Had the opportunity to participate in a beach cleanup event at the beaches I now call home in Dana Point. Together with @standuptotrash and other volunteers we removed 175.45 lbs of trash. Yesterday was America Recycling Day and I am glad I was able to celebrate by participating in and spreading awareness for protection of our oceans through recycling programs. It is very important to me to preserve these beautiful places and promote the health of the ocean and the environment for those today and generations to come. I am excited to continue to participate in events like this in my area and encourage others to do the same. Every action no matter how small can make a difference 

#americarecyclingday #oceancleanup #oceanconservation"
70,"9th cleanup at Honokohau Harbor & counting!

We removed nearly 3,500 pounds of debris and 46 tires, for a grand total of 6,720 pounds.  Thatâ€™s over 3 tons!!

In a collection of PVC tubing, pipes, carpets, dive masks, fishing poles, some kind of trap cages, lead fishing weights, mono-filament line, and of course the ubiquitous tires, our 50 volunteers absolutely blew this cleanup out of the park!

Thank you to everyone involved! Read about the entire outing at the link in bio!"
71,"Beach Clean Up - Clean Up No. 50
Kolaborasi Trash Hero Kuantan & MISA (UIA) 
Lokasi: Pantai Teluk Cempedak
Tarikh: 13.11.2022 

Jenis sampah yang dikutip: 
â€¢ Kebanyakkan sampah piknik yang ditinggalkan pengunjung (bekas McD, Starbucks, KFC)
â€¢ Pelitup muka
â€¢ Kotak rokok dan puntung rokok
â€¢ Beg plastik 
â€¢ Polisterin 

Berat sampah yang dikutip: Anggaran 37 kg 

Bilangan wira: 11 dewasa 

Kami amat bersyukur cuaca baik pada pagi clean up walaupun dah berhari-hari hujan di Kuantan. Ramai saja pengunjung ke Pantai Teluk Cempedak. Semuanya dah sampai awal pagi lagi. Ada yang siap bercamping malam juga. 

AbangÂ² dan KakakÂ² Alam Flora pun dah sampai cukup awal. SampahÂ² piknik yang dikutip baru lagi - terbiar oleh pengunjung yang tidak bertanggungjawab. MonyetÂ² pun keluar pagiÂ²Â nak kacauÂ² sampah tu sebab semua bekas makanan dan minuman dengan makanan separuh dimakan tu dibiar begitu saja. 

Walaupun bukan sampah kita, samaÂ² kita tolong bersihkan area pantai (dari jambatan Bay 2 sehingga ke @hyattregencykuantanresort) dan kawasanÂ² awam serta jalanÂ² berdekatan. 

Terima kasih kepada semua sukarelawan yang turut serta pada hari Ahad lalu, pelajarÂ² dari @misaiiumk dan pihak Alam Flora yang telah menolong dengan pengangkutan begÂ² sampah dalam lori mereka ğŸ™ğŸ’› 

Jika anda ingin turut serta dalam sesi gotong-royong kami, sila pantau FB dan IG Trash Hero Kuantan untuk butirÂ² lanjut. 

Jika anda ingin mendermakan peralatan seperti penyepit sampah ('pickers') / guni sampah / tshirt untuk sukarelawan / alat tulis untuk Kids Program (atau apaÂ² yang akan membantu aktivitiÂ² Trash Hero Kuantan) sila DM kami di sini. 

Segala pertolongan amat dialu-alukan. 
Dan kalau boleh, tolong share post ini.
Terima kasih ğŸ™ğŸ’› 

#stoplittering #litterpick #environment #awareness #wastedisposal #responsibledisposal #nosingleuseplastic #stopplasticpollution #plasticpollution #sustainability #ecowarriors #ecovolunteers #eastcoast #beachcleanup #oceancleanup #climatechange #climateaction #kutipsampah #sukarelawan #alamsekitar #wirakebersihan #pantaitimur #kuantan #hyattregency #alamflora #pantaitelukcempedak #telukcempedak #responsibledisposal #trashherokuantan #trashheromalaysia #trashheroworld"
72,"Weâ€™re making our rounds on Melbourne Beach ğŸ’ª

Weâ€™ve removed just over 50lbs of debris and are just getting started. If you see us out there stop by and say hello ğŸ¤™
.
.
.
.
.
.
.
.
.

#wehateplastic #oceancleanup #beachwalk #beachcleanup #beachcleanups #beachplastic #savetheocean #savetheoceanlife #microplastics #microplastic #recycle #plasticpollution #plasticsucks
#beachtrash #oceantrash #fridayvibes #beachlife #surfing #surfersjournal #hurricanenicole"
73,"another one in the books! thank you to all of the volunteers that came out yesterday to help at our beach cleanup. picked up countless aluminum cans and corn on the cob. a total of 78lbs of trash removed from our shores in just one hour. hopefully the weather allows us to continue our cleanupâ€™s through the end of november. stay tunedğŸ¤™ğŸ¼

.
.
.
#lbcleanup #longbeachny #citybythesea  #volunteer #makeadifference #lbny #cleanup #longbeach #longislandlife #11561 #lbny11561 #nassaucounty #pointlookoutny #coastalcleanup #oceanconservation #beachvibes #longislandny #longisland #lbnynotcalifornia #sunsets #longbeachnynotcalifornia #oceancleanup #oceanlovers #beachcleanup #atlanticbeachny #discoverlongisland #longislandbeaches #itscorn"
74,"the numbers are in! our volunteers removed 249 pounds of garbage from our coastline in october. want to help make a difference? join us tomorrow at our next beach cleanup. letâ€™s see what we can do in november while this weather allowsğŸ¤™ğŸ¼

.
.
.
#lbcleanup #longbeachny #citybythesea  #volunteer #makeadifference #lbny #cleanup #longbeach #longislandlife #11561 #lbny11561 #nassaucounty #pointlookoutny #coastalcleanup #oceanconservation #beachvibes #longislandny #longisland #lbnynotcalifornia #sunsets #longbeachnynotcalifornia #oceancleanup #oceanlovers #beachcleanup #atlanticbeachny #discoverlongisland #longislandbeaches"
75,"Another incredible month of work by both our river wardens and reclaimers. A total of 6240kg of plastic was removed from the rivers and sent for recycling PLUS a further 6501kg of waste was removed and sent to landfill. 
.
.
We're growing our teams for the summer and are looking forward to making an even greater impact on the health of our river systems and ultimately our ocean. 
.
.
If you would like to find out more about how to get involved, please email us at info@thelitterboomproject.com 
.
.
#Parley #ParleyAir #ParleyForTheOceans #OceanConservation #OceanPollution #OceanCleanUp #RiverPollution #RiverConservation #Pollution #StopPollution #PlasticPollution #EndPlasticPollution #StopPlasticPollution #Recycle #Litter #CleanUp #GreenFuture #ConsciousLiving #Environment #SaveOurPlanet #PlasticBottle #Plastics #PlasticFreeLiving #PlasticWaste #PlasticOcean"
76,"One of our planet repair projects, Empower, makes a global impact by cleaning up plastic waste from nature and communities. One of the over 60 local partner collection organisations is Better and Clean Future Tanzania (BCFT). They work with Empower to incentivise local waste collectors and improve plastic waste pollution in Arusha, Tanzania. BCFT has collected waste since 2019, steadily increasing the amount every month totalling now over 160,000 kg! They do great work supporting the local community while improving their social, economic, and environmental wellbeing. To be part of the change explore how Pinwheel can direct your corporate sustainability funding to support projects like plastic clean up in Tanzania www.pinwheel.earth 

#PlasticPollution #PlasticCleanUp #OceanCleanUp #OceanConservation #PlasticCrisis #PlasticFreeSeas"
77,"That's 8,000,000,000 kg. 
.
.
.
#environment #savetheplanet #oceanlove #savetheocean #environmental #gaming #esports #gamingindustry #environmentallyfriendly #oceanplastic #oceancleanup"
78,"These shocking images of the ocean plastic crisis were captured by @4ocean cleanup crews just days ago off the west coast of Haiti ğŸ‡­ğŸ‡¹ 

Huge patches of plastic pollution like this are created by the stirring of ocean currents.

They have collected 2,222 pounds of trash from this patch within just a few hours and will absolutely be back to collect more!"
79,"Beach clean-ups are important to raise the awareness and educate generations, but they are only the first step. â˜ï¸

Why? Because of what it stands for: hope, effort and community. ğŸ’ª 

In August, our community rallied together to clean up a local beach and we picked up an astounding 237 kg in 1 hour! Can you believe that? ğŸ¤¯ Let that sink in. âœ¨ 

If you don't have any beaches in your home town, but want to help, send us a DM and we can share some tips on how you can help make a difference in your own way. ğŸ“©"
80,"Pilbara Dive and Tours is a finalist in the 2022 Keep Australia Beautiful WA (KABWA) Community Awards in the category of Litter Prevention & Waste Management.  We were selected because of our regular clean up days which target both below and above the water including the Pilbara Conservation and Clean Up held in May of this year in conjunction with KABWA.

Thank to all the volunteers who have helped in these clean up days because without you we wouldn't have removed over 400kg of rubbish and marine debris from our local waterways and beaches.

Photos are from our clean up in May 2022.  #keepaustraliabeautiful #take3forthesea #beachcleanup #padiaware #dampier #cityofkarratha #oceancleanup #plasticfreeoceans #communityawards"
81,"WWF reports that South Africa generates 2.4 million tons of plastic waste every year, equivalent to 41kg of plastic waste per citizen and only 14% of this plastic thrown into bins is recycled.
.
.
Make one change today, recycle your plastic waste. 
.
.
#Parley #ParleyAir #ParleyForTheOceans #OceanConservation #OceanPollution #OceanCleanUp #RiverPollution #RiverConservation #Pollution #StopPollution #PlasticPollution #EndPlasticPollution #StopPlasticPollution #Recycle #Litter #CleanUp #GreenFuture #ConsciousLiving #Environment #SaveOurPlanet #PlasticBottle #Plastics #PlasticFreeLiving #PlasticWaste #PlasticOcean #TipTuesday #TuesdayMotivation #TuesdayThoughts"
82,"Is this really how we treat the planetâ€¦.itâ€™s the sad reality Iâ€™m afraid. I refuse to get down about it tho, it just motivates me even more. 

Heavy HAULINâ€™ on todays beach clean, a fraction over 100kgs, loads of bottles as always and the vast majority of the weight was a mix of ghost nets and various bits of fishing gear. 

Full of cold and really not feeling it today but after the recent storms I knew it would need some love. (Was gutted to miss the @seashepherduk clean up yesterday) 

Luckiest man ever finding a sponsor who pays for a clean up each month, courtesy of the awesome @greenfolkltd ğŸ™ğŸ¤™. 
(More in stories) catch ya later people x 

#beachclean #plasticpollution #dorsetcoast #jurassic #jurassiccoast #flotsamandjetsam #drowninginplastic #plastic #recycling #beachcleanup #oceancleanup #green #conciousness #consumer #mindfulliving #home #earth #ocean #oceanactivist #reducereuserecycle"
83,"Ends midnight tonight!
For every order we receive before midnight tonight we will remove 1kg of ocean plastic.

#mygarden #sustainability #mygardenismyhappyplace #gardening #petalandleaf #giftsforgardeners #sustainablefashion #gardeningtshirts #gardeninggifts #sustainableliving #oceanconservation #oceancleanup #oceanplastic"
84,"such a great late october cleanup crew. these volunteers helped remove another 45lbs of trash from our shores. bottles caps, plastic spoons and aluminum cans were the big winners yesterday. and thank you to the @molloycheer team for joining us! see everyone next weekğŸƒ

.
.
.
#lbcleanup #longbeachny #citybythesea  #volunteer #makeadifference #lbny #cleanup #longbeach #longislandlife #11561 #lbny11561 #nassaucounty #pointlookoutny #coastalcleanup #oceanconservation #beachvibes #longislandny #longisland #lbnynotcalifornia #sunsets #longbeachnynotcalifornia #oceancleanup #oceanlovers #beachcleanup #atlanticbeachny #discoverlongisland #longislandbeaches #sundayfunday"
85,"ğŸ‡¬ğŸ‡§Cleaning of the Larvotto Marine Protected Area - 2022

The seabeds of the Larvotto Marine Protected Area as well as the beach were cleaned on Saturday October 08 thanks to the involvement of 27 divers from the AMPN and the Club dâ€™Exploration Sous-Marine de Monaco (CESMM) and 6 ground volunteers. In total, 75kg of marine litter was collected as well as 3kg of land litter consisting mainly of cigarette butts. Some waste could have been avoided by adopting more responsible behavior!

A big THANKS to the entire team of divers from the Club d'Exploration Sous-Marine de Monaco for their permanent involvement and to the other volunteers who took part in this operation.
 
THANK YOU also to the SociÃ©tÃ© MonÃ©gasque d'Assainissement (@greenmonaco_by_sma ) for providing the waste collection bin and the scale as well as for the presence of the jet-ski to collect the bags brought back by the divers.

ğŸ‡«ğŸ‡·Nettoyage de l'Aire Marine ProtÃ©gÃ©e du Larvotto - 2022
Les fonds de l'Aire Marine ProtÃ©gÃ©e du Larvotto ainsi que la plage ont Ã©tÃ© nettoyÃ©s samedi 08 octobre grÃ¢ce Ã  lâ€™implication de 27 plongeurs lâ€™AMPN et du Club dâ€™Exploration Sous-Marine de Monaco (CESMM) et de 6 bÃ©nÃ©voles â€œterrestresâ€. Au total, ce sont 75kg de dÃ©chets marins qui ont Ã©tÃ© rÃ©coltÃ©s ainsi que 3kg de dÃ©chets terrestres constituÃ©s essentiellement de mÃ©gots de cigarettes. Certains dÃ©chets auraient pu Ãªtre Ã©vitÃ©s en adoptant des comportements plus responsables !

Un grand MERCI Ã  toute l'Ã©quipe des plongeurs du Club dâ€™Exploration Sous-Marine de Monaco pour leur implication permanente et aux autres bÃ©nÃ©voles qui ont participÃ© Ã  cette opÃ©ration.
 
MERCI Ã©galement Ã  la SociÃ©tÃ© MonÃ©gasque d'Assainissement (@greenmonaco_by_sma ) pour la mise Ã  disposition du bac de rÃ©cupÃ©ration des dÃ©chets et de la balance ainsi que pour la prÃ©sence du jet-ski permettant de rÃ©cupÃ©rer les sacs rapportÃ©s par les plongeurs. 
.
.
.
#AMPN #ProtectOcean #StopPlasticPollution #TogetherPossible #savetheplanet #cleanup #beachcleanup #oceancleanup"
86,"Last day of our ocean cleaning special weekend. ğŸŒŠ
For every order we receive before midnight tonight we will remove 1kg of ocean plastic.

#mygarden #sustainability #mygardenismyhappyplace #gardening #petalandleaf #giftsforgardeners #sustainablefashion #gardeningtshirts #gardeninggifts #sustainableliving #oceanconservation #oceancleanup #oceanplastic"
87,"Each product sold this weekend will help fund the clean up of 1kg of ocean bound plastic. 

Automatically added at checkout. 

Ends midnight 23rd October. 

Why not treat yourself and the planet ğŸŒğŸ¤·ğŸ¼â€â™‚ï¸

Link in bio ğŸŒ

MANYMOODS.CO.UK

#brands #sustainablebrand #promotion #ocean #oceanboundplastic #oceancleanup #1tee1kg #treatyourself #plasticfree #organic #plasticfreepackaging #sustainability #sustainablegifting #sustainablegifts #giftideas #christmasgiftideas #ecofriendly #recyclableproducts #positivity #loveourplanet #animals #manymoods"
88,"1 Tee = 1 kg this weekend! For every order we will remove 1kg of ocean plastic.

#mygarden #sustainability #mygardenismyhappyplace #garden #gardening #petalandleaf #giftsforgardeners #sustainablefashion #gardeningtshirts #gardeninggifts #sustainableliving @teemillstore #oceanconservation #oceancleanup #oceanplastic"
89,"For every order this weekend we will remove 1kg of ocean plastic.

#mygarden #sustainability #mygardenismyhappyplace #gardening #petalandleaf #giftsforgardeners #sustainablefashion #gardeningtshirts #gardeninggifts #sustainableliving #oceanconservation #oceancleanup #oceanplastic"
90,"Are you planning to hold a clean-up in your local community? If so, we would love to showcase your work over here on our page! ğŸ™‚ You can tag us @plastictides or send us a DM. 
â€”â€”
Plastic Tides held its first beach clean-up in Hampton Roads this past weekend. The beach clean-up helped to raise awareness in the community. Local volunteers helped to prevent 12.6 pounds of trash from polluting the surrounding environment. No amount of effort goes unnoticed to the environment! You can do it! ğŸŒŠğŸŒ²ğŸª¸ğŸ„ğŸŒ»ğŸŒˆâ˜€ï¸ Learn more by visiting the link in bio. 
â€”â€”
#LiveUpStream

#BeachClean #BeachCleanups #oceancleanup #virginiabeach #virginiabeachva #virginiabeachcleanup #PlasticTides #Plastic #Pollution #plasticpollution #chesapeakebay #chesapeakebayfoundation #lynnhavenrivernow #lafayettewetlandspartnership #CleanTheBay #PickupTrash #wecandoit"
91,"Starts today!
1 Tee = 1 kg this weekend! 
For every order we will remove 1kg of ocean plastic.

#mygarden #sustainability #mygardenismyhappyplace #garden #gardening #petalandleaf #giftsforgardeners #sustainablefashion #gardeningtshirts #gardeninggifts #sustainableliving @teemillstore #oceanconservation #oceancleanup #oceanplastic"
92,Every order this weekend results in the clear up of 1kg of plastics from the oceanğŸŒŠğŸŒŠğŸŒŠ
93,"Starts 9 am today!
1 Tee = 1 kg this weekend! For every order we will remove 1kg of ocean plastic.

#mygarden #sustainability #mygardenismyhappyplace #garden #gardening #petalandleaf #giftsforgardeners #sustainablefashion #gardeningtshirts #gardeninggifts #sustainableliving @teemillstore #oceanconservation #oceancleanup #oceanplastic"
94,"1 Tee = 1 kg this weekend! For every order we will remove 1kg of ocean plastic.

#mygarden #sustainability #mygardenismyhappyplace #garden #gardening #petalandleaf #giftsforgardeners #sustainablefashion #gardeningtshirts #gardeninggifts #sustainableliving @teemillstore #oceanconservation #oceancleanup #oceanplastic"
95,"teamwork with the crew to organize all of the trash removed during our beach cleanupğŸ¤™ğŸ¼ this day we removed over 60 pounds!

.
.
.
#lbcleanup #longbeachny #citybythesea  #volunteer #makeadifference #lbny #cleanup #longbeach #longislandlife #11561 #lbny11561 #nassaucounty #pointlookoutny #coastalcleanup #oceanconservation #beachvibes #longislandny #longisland #lbnynotcalifornia #sunsets #longbeachnynotcalifornia #oceancleanup #oceanlovers #beachcleanup #atlanticbeachny #discoverlongisland #longislandbeaches"
96,"âœ–ï¸Sea World Ocean Clean Up Day

âœ–ï¸ #seaworldaus recently held another successful Sea World Foundation Ocean Clean Up Day! ğŸ™Œ

ğŸ—‘ Volunteers collected over 170 bags of rubbish equating to 400kgs of rubbish removed from above and below the water.
ğŸ£ Incredibly, 43.5kg of fishing line, hooks and sinkers were removed from the seaway by 126 divers. 

Thank you to everyone who attended and continue to support the Sea World Foundation!"
97,"Imagine....

what we can achieve together. 

Every single order placed on our site from Friday 21st to midnight on Sunday 23rd gets 1kg... yes 1kg of plastic removed from our oceans. 

We will be posting images of this event so you can see the fantastic work being done and what you have contributed towards. 

Link in bio to our site. 

#oceancleanup #ocean #sea #plastic #ecofriendly #environmentallyfriendly #environment #environmental #fashion #mensfashion #clothing #sustainable #sustainablefashion #vegan #womensclothing #kidsclothing #wildlife #nature #savewildlife #saveourseas #plasticfree #savetheearth #recycle #reuse #singleuseplastic #love #weekend #weekendvibes"
98,"Another successful dive of pulling 550 feet of fishing line, just under 100 lbs of toxic lead fishing weights, and random objects like a small radio, cans, spark plugs, and other trash items!

With help from Island Divers Hawai'i, Oahu's Spitting Caves was relieved of toxic fishing debris. ğŸ‰

Head to the link in bio to read all about it!

--
#oceandefenders #debrisfreesea #hawaii #oahu #oceancleanup#fishingrope #ghostgear #brilliant #cleanup #marineconservation #sealife #saveourseas #turningthetide #plasticocean #plasticpollution #solution #nobluenogreen #oceanlove"
99,"Take a look at some photos from yesterday's cleanup in Foster City at the Metro Center! 

Collectively,  24 lbs of trash, 8 lbs of recycling, and ~5400 cigarette butts were collected. Amazing work everyone! 

If you want to join the next Foster City cleanup, or any other PBC-led events, check out our monthly calendar tab in the link in our bio.
.
.
.
.
#trashpicking #saveouroceans #keeptheseaplasticfree #bayareabeaches #cleantown #helpourbeach #saynotoplastic #oceanconservation #cleanupcommunity #sanmateocounty #cleanearth #marinelitter #beachcleaning #keepourbeachesclean #beachtrash #littercleanup #oceanpollution #oceancleanup #oceanplastic #plasticpollutes #plasticocean #beachcleanup #breakfreefromplastic #loveearth #marineconservation #pacifica #plasticpollution #savetheocean"
